"page","title","meta_description","canonical","meta_robots","og_title","og_description","og_url","og_type","og_image","twitter_card","h1_count","h1_text","h2_count","hero_title","hero_description","hero_has_banner","hero_banner_image","card_count","card_titles","card_descriptions","cta_titles","cta_descriptions","cta_buttons","internal_links_count","external_links_count","jsonld_types","favicon_links_count","has_breadcrumbs","has_trust_indicators","has_compliance_strip"
"404.html","Page Not Found | Polytronix","The page you are looking for could not be found.","","","","","","","","","1","404 - Page Not Found","0","","","False","","0","","","","","","2","0","","1","False","False","False"
"about.html","About | Polytronix | Highly Engineered Components Manufacturing and Sub-Assembly","High mix to high volume manufacturing and sub-assembly specialized in highly engineered components for the aerospace & defense, medical, and industrial industries.","https://www.polytronix.com/about.html","","About | Polytronix | Highly Engineered Components Manufacturing and Sub-Assembly","High mix to high volume manufacturing and sub-assembly specialized in highly engineered components for the aerospace & defense, medical, and industrial industries.","https://www.polytronix.com/about.html","website","","","1","Highly Engineered Manufacturing and Sub-Assembly Since 1981","5","Highly Engineered Manufacturing and Sub-Assembly Since 1981","Polytronix builds highly engineered components for the aerospace & defense, medical, and industrial industries. Design, machining, assembly, and testing under one roof.","True","","0","","","Work With Us","Contact our team to discuss your program requirements.","Start a Project|/contact.html || View Capabilities|/capabilities.html","3","0","BreadcrumbList || ListItem","1","True","False","True"
"about/acquisitions.html","Acquisitions | Polytronix | Aerospace & Industrial Manufacturing","Polytronix acquisition opportunities. We partner with companies that share our commitment to quality and innovation in aerospace, defense, and industrial electronics.","https://www.polytronix.com/about/acquisitions.html","","Acquisitions | Polytronix | Aerospace & Industrial Manufacturing","Polytronix acquisition opportunities. We partner with companies that share our commitment to quality and innovation.","https://www.polytronix.com/about/acquisitions.html","website","","","1","Acquisitions","4","Acquisitions","Strategy Built for Long-Term Manufacturing Programs. In aerospace and industrial markets, products and programs last a long time. We make manufacturing partners do the same.","True","","0","","","Acquisition Inquiries","If you are considering a transition and want your business supported by a long-term operating owner, we would be glad to speak with you.","acquisitions@polytronix.com|mailto:acquisitions@polytronix.com","2","2","BreadcrumbList || ListItem","1","True","False","False"
"capabilities.html","Capabilities | Polytronix | Highly Engineered Components Manufacturing and Sub-Assembly","High mix to high volume manufacturing and sub-assembly specialized in highly engineered components for the aerospace & defense, medical, and industrial industries.","https://www.polytronix.com/capabilities.html","","Capabilities | Polytronix | Highly Engineered Components Manufacturing and Sub-Assembly","High mix to high volume manufacturing and sub-assembly specialized in highly engineered components for the aerospace & defense, medical, and industrial industries.","","","","","1","Capabilities","4","Capabilities","High mix to high volume manufacturing and sub-assembly specialized in highly engineered components for the aerospace & defense, medical, and industrial industries.","True","/assets/images/capabilities_banner.jpg","11","Digital Displays || Cable & Wire Harnesses || Precision Machining || Instrument Panels & Bezels / Keypads || Instrument Lighting || Box Builds || Electro-Mechanical Assembly || PCB Assembly || Program Management || Engineering || Repair Services","Class 100 / 1000 Clean Rooms. Build to Spec (e.g., Sunlight-readable, ruggedized, touch screen, low power, 0.96""â€“30""+) || Overmolding and injection molding equipment. Wire-through technology specialists with in-house IPC-A-610 CIS plus IPC/WHMA-A-620 CIT with IPC J-STD-001 Space Addendum || 5-axis CNC machining with Â±0.001"" tolerance capability for bezels, enclosures, and mechanical parts || QPL-7788, MIL-STD-810, NVIS-Compliant backlit illuminated panels and keypads / bezels || NVIS-Compliant lights, lamps, switches, and indicators || Integrated sub-assemblies combining displays, electronics, mechanical enclosures, and buttons / controls all under one roof with full integration testing and environmental qualification || Custom actuator and control assemblies with embedded panels, cables & harnesses, and electronics || IPC-A-610 certified assemblers with expertise in complex SMT placement (e.g., micro-BGA) || Dedicated program managers for full project lifecycle management from prototype to production || US technical and quality engineers providing design, prototyping, and qualification support || MRO refurbishment or overhaul for various parts with FAA 145 certified repair station (if applicable)","Discuss Your Requirements","Share your specifications. We confirm fit and provide guidance.","Start a Project|/contact.html || View Industries|/industries.html","4","0","","1","True","True","True"
"careers.html","Careers | Polytronix | Aerospace, Defense, Medical, and Industrial Manufacturing","Join the Polytronix team. Explore career opportunities in aerospace, defense, medical, and industrial manufacturing.","https://www.polytronix.com/careers.html","","Careers | Polytronix | Aerospace, Defense, Medical, Industrial Manufacturing","Join the Polytronix team. Explore career opportunities in aerospace, defense, medical, and industrial manufacturing.","https://www.polytronix.com/careers.html","website","","","1","Careers at Polytronix","3","Careers at Polytronix","We build highly engineered components and sub-assemblies for systems used in aerospace, defense, medical, and industrial applications. Our work contributes to programs, machines, and products that operate for the long-term in the most demanding environments on Earth and beyond.","True","/assets/images/careers_banner.jpg","3","Innovation || Growth || Impact","Work as part of the team that is creating the current and next generation of technology used in the aerospace, defense, medical, and industrial industries. || Join a company growing fast that has real opportunities to build and progress your career. || Your work directly supports mission-critical systems worldwide.","Apply to open positions","Start a conversation about working here.","Contact Us|/contact.html","2","1","BreadcrumbList || ListItem","1","True","True","True"
"contact.html","Contact | Polytronix | Highly Engineered Components Manufacturing and Sub-Assembly","Contact Polytronix for high mix to high volume manufacturing and sub-assembly specialized in highly engineered components for the aerospace & defense, medical, and industrial industries.","https://www.polytronix.com/contact.html","","Contact | Polytronix | Aerospace & Industrial Manufacturing","Contact Polytronix for high mix to high volume manufacturing and sub-assembly specialized in highly engineered components for the aerospace & defense, medical, and industrial industries.","https://www.polytronix.com/contact.html","website","","","1","Contact Us","2","Contact Us","Request a quote, ask a technical question, or discuss your program requirements.","True","","0","","","","","","1","6","ContactPage","1","True","True","True"
"index.html","Highly Engineered Components | Polytronix | High Mix to High Volume Manufacturing and Sub-Assembly","High mix to high volume manufacturing and sub-assembly specialized in highly engineered components for the aerospace & defense, medical, and industrial industries.","https://www.polytronix.com/","","Highly Engineered Components | Polytronix | High Mix to High Volume Manufacturing and Sub-Assembly","Specialized in highly engineered components for the aerospace & defense, medical, and industrial industries.","https://www.polytronix.com/","website","https://polytronix.com/assets/images/og-home.jpg","summary_large_image","1","High Mix to High Volume Manufacturing and Sub-Assembly","3","High Mix to High Volume Manufacturing and Sub-Assembly","Specialized in highly engineered components for the aerospace & defense, medical, and industrial industries.","True","/assets/images/index_banner.jpg","10","Aerospace & Defense || Medical and Industrial || Digital Displays || Cable & Harnesses || Instrument Panels & Lighting || Precision Machining & Fabrication || Box Build Assembly || Electro-Mechanical and PCB Assembly || Repair Services || Engineering","</g> </g> <g> <g> <path d=""M414.877,107.132L244.21,60.588c-1.735-0.471-3.549-0.471-5.284,0L68.259,107.132c-4.755,1.299-7.863,5.853-7.338,10.755 l23.275,217.216c0.284,2.686,1.642,5.137,3.76,6.809l147.392,116.363c1.823,1.441,4.019,2.162,6.221,2.162 s4.397-0.721,6.221-2.162l67.534-53.319c4.353-3.431,5.093-9.745,1.657-14.098c-3.431-4.358-9.745-5.088-14.098-1.657 l-61.314,48.407L103.71,328.77L81.793,124.255l159.775-43.573l159.775,43.573L387.362,254.78 c-0.593,5.514,3.397,10.461,8.912,11.049c5.529,0.578,10.466-3.392,11.049-8.912l14.892-139.029 C422.74,112.985,419.632,108.431,414.877,107.132z""/> </g> </g> <g> <g> <path d=""M491.294,341.333H350.745c-5.544,0-10.039,4.495-10.039,10.039v40.157c0,5.544,4.495,10.039,10.039,10.039h140.549 c5.544,0,10.039-4.495,10.039-10.039v-40.157C501.333,345.829,496.838,341.333,491.294,341.333z M481.254,381.49H360.784v-20.078 h120.471V381.49z""/> </g> </g> </svg> </div> <h3>Aerospace & Defense</h3> <p>High-reliability displays, panels, and integrated electronic sub-assemblies for flight, mission, and training systems. || </svg> </div> <h3>Medical and Industrial</h3> <p>High mix to high volume displays, integrated electro-mechanical & pcb assemblies, and precision machining for medical devices and industrial systems. || </svg> </div> <h4>Digital Displays</h4> <p>Class 100 and Class 1000 clean rooms for digital display manufacturing || </svg> </div> <h4>Cable & Harnesses</h4> <p>In-house IPC-A-610, IPC/WHMA-A-620, and IPC J-STD-001 certified technicians || </svg> </div> <h4>Instrument Panels & Lighting</h4> <p>QPL-7788 certified and NVIS compliant illuminated panels, lighting, and keypads / bezels || </svg> </div> <h4>Precision Machining & Fabrication</h4> <p>5-axis CNC machining with Â±0.001"" tolerance capability for bezels, enclosures, and mechanical parts || </svg> </div> <h4>Box Build Assembly</h4> <p>Complete sub-assemblies with full integration testing and environmental qualification || </svg> </div> <h4>Electro-Mechanical and PCB Assembly</h4> <p>Multi-disciplinary sub-assemblies combining displays, electronics, and precision mechanical components with full traceability || </svg> </div> <h4>Repair Services</h4> <p>MRO refurbishment or overhaul for various parts with FAA 145 certified airworthiness support (if applicable) || </svg> </div> <h4>Engineering</h4> <p>Design and prototyping expertise for manufacturability, qualification testing, and production transition","Ready to Discuss Your Program?","Share your requirements. Our engineering team can confirm fit and provide budgetary guidance.","Start a Project|/contact.html || About Polytronix|/about.html","7","0","Organization || PostalAddress","3","False","True","True"
"industries.html","Highly Engineered Components | Polytronix | High Mix to High Volume Manufacturing and Sub-Assembly","High mix to high volume manufacturing and sub-assembly specialized in highly engineered components for the aerospace & defense, medical, and industrial industries.","https://www.polytronix.com/industries.html","","Highly Engineered Components | Polytronix | High Mix to High Volume Manufacturing and Sub-Assembly","High mix to high volume manufacturing and sub-assembly specialized in highly engineered components for the aerospace & defense, medical, and industrial industries.","","","","","1","Industries We Serve","3","Industries We Serve","High mix to high volume manufacturing and sub-assembly specialized in highly engineered components for the aerospace & defense, medical, and industrial industries.","True","/assets/images/industries_banner.jpg","2","Aerospace & Defense || Medical and Industrial","</g> </g> <g> <g> <path d=""M414.877,107.132L244.21,60.588c-1.735-0.471-3.549-0.471-5.284,0L68.259,107.132c-4.755,1.299-7.863,5.853-7.338,10.755 l23.275,217.216c0.284,2.686,1.642,5.137,3.76,6.809l147.392,116.363c1.823,1.441,4.019,2.162,6.221,2.162 s4.397-0.721,6.221-2.162l67.534-53.319c4.353-3.431,5.093-9.745,1.657-14.098c-3.431-4.358-9.745-5.088-14.098-1.657 l-61.314,48.407L103.71,328.77L81.793,124.255l159.775-43.573l159.775,43.573L387.362,254.78 c-0.593,5.514,3.397,10.461,8.912,11.049c5.529,0.578,10.466-3.392,11.049-8.912l14.892-139.029 C422.74,112.985,419.632,108.431,414.877,107.132z""/> </g> </g> <g> <g> <path d=""M491.294,341.333H350.745c-5.544,0-10.039,4.495-10.039,10.039v40.157c0,5.544,4.495,10.039,10.039,10.039h140.549 c5.544,0,10.039-4.495,10.039-10.039v-40.157C501.333,345.829,496.838,341.333,491.294,341.333z M481.254,381.49H360.784v-20.078 h120.471V381.49z""/> </g> </g> </svg> </div> <h2>Aerospace & Defense</h2> <p>Rugged displays, panels, and integrated assemblies for mission-critical programs. AS9100D certified, ITAR registered. || </svg> </div> <h2>Medical and Industrial</h2> <p>Rugged displays, control panels, and integrated electronics for demanding industrial environments. ISO 9001 certified.","Discuss Your Program Requirements","Share your specifications. We confirm fit and provide guidance.","Start a Project|/contact.html || View Capabilities|/capabilities.html","6","0","","4","True","True","True"
"industries/aerospace-defense.html","Highly Engineered Aerospace & Defense Components | Polytronix | High Mix to High Volume A&D Manufacturing and Sub-Assembly","High-reliability displays, panels, and integrated electromechanical sub-assemblies for flight, mission, and training systems.","https://www.polytronix.com/industries/aerospace-defense.html","","Highly Engineered Aerospace & Defense Components | Polytronix | High Mix to High Volume A&D Manufacturing and Sub-Assembly","High-reliability displays, panels, and integrated electromechanical sub-assemblies for flight, mission, and training systems.","https://www.polytronix.com/industries/aerospace-defense.html","website","","","1","Aerospace & Defense","3","Aerospace & Defense","High-reliability displays, panels, and integrated electromechanical sub-assemblies for flight, mission, and training systems.","True","/assets/images/aerospace-defense_banner.jpg","14","Commercial Aviation || Military Programs || Simulation & Training || Business & General Aviation || Helicopters || Satellite & Space || Displays || Cables & Harness Assemblies || Instrument Panels & Lighting || Precision Machining & Fabrication || Box Builds || Electro-Mechanical Assemblies || Repair Services || Engineering","Cockpit displays and avionic sub-assemblies that meet airworthiness requirements || Proven mission-critical electromechanical components and sub-assemblies built to surive harsh battlefield environments || Realistic cockpit training systems sub-assemblies that accelerate pilot training for the real thing || Custom and retro-fit displays and avionic sub-assemblies for corporate and charter fleets || Indicators and electromechanical sub-assembly instruments built to resist the heavy vibration of commercial and military helicopters || Displays and electromechanical hardware that operate in extreme spaceflight, orbital, and launch system environments || Sunlight-readable, NVIS-compatible, Operating temperatures -55C to 85C || Wire-through technology specialists with in-house IPC-A-610 CIS plus IPC/WHMA-A-620 CIT with IPC J-STD-001 Space Addendum || QPL-7788, MIL-STD-810, NVIS-Compliant illuminated panels, lighting, and keypads / bezels || 5-axis CNC machining with Â±0.001"" tolerance capability for bezels, enclosures, and mechanical parts || Complete sub-assemblies with full integration testing and environmental qualification || Vertically integrated sub-assemblies combining our expertise in displays, electronics, and precision mechanical components || MRO refurbishment or overhaul for various parts with FAA 145 certified repair station (if applicable) || 28+ US technical enginering and 12+ US quality engineers for design, prototyping, and reverse engineering support","Discuss Your Program Requirements","Share your program details and specifications. We confirm fit, identify risks, and provide guidance.","Start a Project|/contact.html || View All Capabilities|/capabilities.html","5","0","WebPage","1","True","True","True"
"industries/medical-industrial.html","Highly Engineered Medical & Industrial Components | Polytronix | High Mix to High Volume Medical & Industrial Manufacturing and Sub-Assembly","High-reliability displays, panels, and integrated electromechanical assemblies for medical and industrial systems.","https://www.polytronix.com/industries/medical-industrial.html","","Highly Engineered Medical & Industrial Components | Polytronix | High Mix to High Volume Medical & Industrial Manufacturing and Sub-Assembly","High-reliability displays, panels, and integrated electromechanical assemblies for medical and industrial systems.","https://www.polytronix.com/industries/medical-industrial.html","website","","","1","Medical and Industrial","3","Medical and Industrial","High-reliability displays, panels, and integrated electromechanical sub-assemblies for medical and industrial systems.","True","/assets/images/medical-industrial_banner.jpg","14","Medical & Life Sciences || Industrial Equipment || Communications & Networking || Transportation & Automotive || Rail & Transit || Energy & Utilities || Oil & Gas || Vending Machines and Unattended Retail || Displays || PCB Assembly || Cable & Harness Assembly || Precision Machining & Fabrication || Program Management || Engineering","ISO 13485 certified medical electronics with Class 100 / 1000 cleanroom assembly || Rugged electronics for machinery and robotics to future-proof your IoT environment || We set the industry standard for 24/7 uptime optical power balancing without moving parts || IATF 16949 certified displays and electronics for cars, vehicle, and fleet management systems || FTA Buy America-eligible displays and electronmechanical sub-assemblies with lifespans measured in decades that reduce the total cost of ownership for transit agencies || Smart grid and data center compatible displays and electronics supporting 24/7 uptime || Displays and electromechanical sub-assemblies built to resist the heavy vibration and temperatures of upstream and downstream facilities || Durable and high-brightness displays and electronics for self-service machines || Sunlight-readable, ruggedized, touch screen, low power, 0.96""â€“30""+ || IPC-A-610 certified assemblers with expertise in complex SMT placement (e.g., micro-BGA) || In-house IPC-A-610 technicians with overmolding and injection molding equipment || 5-axis CNC machining with Â±0.001"" tolerance capability for bezels, enclosures, and mechanical parts || Dedicated program managers for full project lifecycle management from prototype to production || US technical and quality engineers providing design, prototyping, and qualification support","Discuss Your Program Requirements","Share your program details and specifications. We confirm fit and provide guidance.","Start a Project|/contact.html || View All Capabilities|/capabilities.html","5","0","WebPage","1","True","True","True"
"quality.html","Certifications | Polytronix | Highly Engineered Components Manufacturing and Sub-Assembly","AS9100D, ISO 9001:2015, ITAR registration, and FAA Part 145 repair station certifications for aerospace and defense manufacturing. Programs supported.","https://www.polytronix.com/certifications.html","","","","","","","","1","Quality Programs & Certifications","3","Quality Programs & Certifications","Polytronix is dedicated to providing the highest quality products, on time, while meeting or exceeding customer requirements. This is accomplished through compliance with AS9100 and ISO9001 requirements, active top management support, and the continual improvement of our Quality Management System.","True","/assets/images/certifications_banner.jpg","5","Richardson, TX || Arvada, CO || International || QMS Product Improvement || QMS Compliance","","Request Certificates","Contact our quality team for current quality policy, certificates, and/or terms and conditions.","Contact Us|/contact.html","2","0","","1","True","False","True"
